train_id,instance,kingston_delay,montreal_delay_absolute,montreal_delay_relative
60,2025-04-01,16.0,36.0,20.0
60,2025-04-02,9.0,27.0,18.0
60,2025-04-03,20.0,47.0,27.0
60,2025-04-04,2.0,27.0,25.0
60,2025-04-05,9.0,28.0,19.0
60,2025-04-07,2.0,30.0,28.0
60,2025-04-08,9.0,18.0,9.0
60,2025-04-09,17.0,46.0,29.0
60,2025-04-10,4.0,27.0,23.0
60,2025-04-11,1.0,49.0,48.0
60,2025-04-14,-2.0,19.0,21.0
60,2025-04-15,4.0,55.0,51.0
60,2025-04-16,13.0,19.0,6.0
60,2025-04-17,18.0,44.0,26.0
60,2025-04-18,-1.0,19.0,20.0
60,2025-04-19,-2.0,7.0,9.0
60,2025-04-21,0.0,15.0,15.0
60,2025-04-22,1.0,15.0,14.0
60,2025-04-23,9.0,29.0,20.0
60,2025-04-24,7.0,104.0,97.0
60,2025-04-25,-1.0,17.0,18.0
60,2025-04-26,0.0,38.0,38.0
60,2025-04-28,11.0,27.0,16.0
60,2025-04-29,13.0,32.0,19.0
60,2025-04-30,3.0,16.0,13.0
60,2025-05-01,2.0,40.0,38.0
60,2025-05-02,26.0,57.0,31.0
60,2025-05-03,-1.0,14.0,15.0
60,2025-05-05,7.0,30.0,23.0
60,2025-05-06,4.0,30.0,26.0
60,2025-05-07,3.0,41.0,38.0
60,2025-05-08,5.0,41.0,36.0
60,2025-05-09,1.0,26.0,25.0
60,2025-05-10,-2.0,15.0,17.0
60,2025-05-12,0.0,6.0,6.0
60,2025-05-13,32.0,40.0,8.0
60,2025-05-14,14.0,34.0,20.0
60,2025-05-15,5.0,17.0,12.0
60,2025-05-16,0.0,12.0,12.0
60,2025-05-17,-2.0,1.0,3.0
60,2025-05-19,11.0,25.0,14.0
60,2025-05-20,1.0,10.0,9.0
60,2025-05-21,3.0,15.0,12.0
60,2025-05-22,33.0,64.0,31.0
60,2025-05-23,1.0,14.0,13.0
60,2025-05-24,1.0,30.0,29.0
60,2025-05-26,35.0,48.0,13.0
60,2025-05-27,0.0,28.0,28.0
60,2025-05-28,5.0,42.0,37.0
60,2025-05-29,21.0,59.0,38.0
60,2025-05-30,0.0,28.0,28.0
60,2025-05-31,-1.0,10.0,11.0
60,2025-06-02,-2.0,16.0,18.0
60,2025-06-03,2.0,26.0,24.0
60,2025-06-04,2.0,40.0,38.0
60,2025-06-05,0.0,23.0,23.0
60,2025-06-06,0.0,21.0,21.0
60,2025-06-07,39.0,45.0,6.0
60,2025-06-09,-1.0,15.0,16.0
60,2025-06-10,4.0,11.0,7.0
60,2025-06-11,0.0,6.0,6.0
60,2025-06-12,0.0,22.0,22.0
60,2025-06-14,-2.0,10.0,12.0
60,2025-06-16,18.0,26.0,8.0
60,2025-06-17,120.0,147.0,27.0
60,2025-06-18,31.0,56.0,25.0
60,2025-06-19,11.0,12.0,1.0
60,2025-06-20,22.0,39.0,17.0
60,2025-06-21,6.0,94.0,88.0
60,2025-06-23,5.0,41.0,36.0
60,2025-06-24,18.0,53.0,35.0
60,2025-06-25,21.0,50.0,29.0
60,2025-06-26,2.0,43.0,41.0
60,2025-06-27,0.0,13.0,13.0
60,2025-06-28,-1.0,10.0,11.0
60,2025-06-30,10.0,18.0,8.0
60,2025-07-01,39.0,76.0,37.0
60,2025-07-02,5.0,29.0,24.0
60,2025-07-03,0.0,42.0,42.0
60,2025-07-04,3.0,44.0,41.0
60,2025-07-05,2.0,77.0,75.0
60,2025-07-07,15.0,24.0,9.0
60,2025-07-08,8.0,33.0,25.0
60,2025-07-09,29.0,38.0,9.0
60,2025-07-10,17.0,33.0,16.0
60,2025-07-11,5.0,28.0,23.0
60,2025-07-12,13.0,29.0,16.0
60,2025-07-14,0.0,3.0,3.0
60,2025-07-15,2.0,18.0,16.0
60,2025-07-16,9.0,41.0,32.0
60,2025-07-17,11.0,40.0,29.0
60,2025-07-18,27.0,47.0,20.0
60,2025-07-19,0.0,16.0,16.0
60,2025-07-21,14.0,29.0,15.0
60,2025-07-22,23.0,49.0,26.0
60,2025-07-23,19.0,93.0,74.0
60,2025-07-24,8.0,39.0,31.0
60,2025-07-25,5.0,18.0,13.0
60,2025-07-26,6.0,23.0,17.0
60,2025-07-28,5.0,51.0,46.0
60,2025-07-29,0.0,34.0,34.0
60,2025-07-30,3.0,20.0,17.0
60,2025-07-31,13.0,21.0,8.0
60,2025-08-01,0.0,13.0,13.0
60,2025-08-02,1.0,17.0,16.0
60,2025-08-04,8.0,14.0,6.0
60,2025-08-05,5.0,10.0,5.0
60,2025-08-06,-1.0,29.0,30.0
60,2025-08-07,39.0,59.0,20.0
60,2025-08-08,7.0,91.0,84.0
60,2025-08-09,7.0,13.0,6.0
60,2025-08-11,9.0,47.0,38.0
60,2025-08-12,22.0,37.0,15.0
60,2025-08-13,22.0,67.0,45.0
60,2025-08-14,37.0,43.0,6.0
60,2025-08-15,9.0,51.0,42.0
60,2025-08-16,124.0,139.0,15.0
60,2025-08-18,19.0,43.0,24.0
60,2025-08-19,16.0,39.0,23.0
60,2025-08-20,17.0,64.0,47.0
60,2025-08-21,18.0,34.0,16.0
60,2025-08-22,8.0,60.0,52.0
60,2025-08-23,15.0,53.0,38.0
60,2025-08-25,0.0,14.0,14.0
60,2025-08-26,1.0,18.0,17.0
60,2025-08-27,0.0,9.0,9.0
60,2025-08-28,2.0,16.0,14.0
60,2025-08-29,15.0,85.0,70.0
60,2025-08-30,5.0,2.0,-3.0
60,2025-09-01,-3.0,7.0,10.0
60,2025-09-02,-1.0,18.0,19.0
60,2025-09-03,1.0,8.0,7.0
60,2025-09-04,0.0,27.0,27.0
60,2025-09-05,25.0,50.0,25.0
60,2025-09-06,-1.0,3.0,4.0
60,2025-09-08,1.0,17.0,16.0
60,2025-09-09,11.0,12.0,1.0
60,2025-09-10,4.0,12.0,8.0
60,2025-09-11,13.0,26.0,13.0
60,2025-09-12,4.0,11.0,7.0
60,2025-09-13,14.0,26.0,12.0
60,2025-09-15,-3.0,17.0,20.0
60,2025-09-16,5.0,13.0,8.0
60,2025-09-17,10.0,20.0,10.0
60,2025-09-18,33.0,50.0,17.0
60,2025-09-19,5.0,0.0,-5.0
60,2025-09-20,9.0,42.0,33.0
60,2025-09-22,6.0,31.0,25.0
60,2025-09-23,9.0,21.0,12.0
60,2025-09-24,19.0,36.0,17.0
60,2025-09-25,16.0,13.0,-3.0
60,2025-09-26,8.0,11.0,3.0
60,2025-09-27,4.0,-2.0,-6.0
60,2025-09-29,5.0,19.0,14.0
60,2025-09-30,8.0,11.0,3.0
60,2025-10-01,8.0,35.0,27.0
60,2025-10-02,6.0,11.0,5.0
60,2025-10-03,12.0,36.0,24.0
60,2025-10-04,24.0,37.0,13.0
60,2025-10-06,0.0,7.0,7.0
60,2025-10-07,6.0,19.0,13.0
60,2025-10-08,0.0,45.0,45.0
60,2025-10-09,3.0,7.0,4.0
60,2025-10-10,5.0,24.0,19.0
60,2025-10-11,17.0,17.0,0.0
60,2025-10-13,8.0,16.0,8.0
60,2025-10-14,2.0,23.0,21.0
60,2025-10-15,25.0,49.0,24.0
60,2025-10-16,1.0,26.0,25.0
60,2025-10-17,19.0,30.0,11.0
60,2025-10-18,16.0,11.0,-5.0
60,2025-10-20,9.0,31.0,22.0
60,2025-10-21,10.0,18.0,8.0
60,2025-10-22,6.0,4.0,-2.0
60,2025-10-23,0.0,13.0,13.0
60,2025-10-24,1.0,6.0,5.0
60,2025-10-25,0.0,1.0,1.0
60,2025-10-27,0.0,12.0,12.0
60,2025-10-28,6.0,24.0,18.0
60,2025-10-29,11.0,46.0,35.0
60,2025-10-30,9.0,18.0,9.0
60,2025-10-31,3.0,5.0,2.0
60,2025-11-01,-1.0,0.0,1.0
60,2025-11-03,0.0,-5.0,-5.0
60,2025-11-04,7.0,1.0,-6.0
60,2025-11-05,5.0,14.0,9.0
60,2025-11-06,2.0,1.0,-1.0
60,2025-11-07,11.0,8.0,-3.0
60,2025-11-08,7.0,12.0,5.0
60,2025-11-10,8.0,16.0,8.0
60,2025-11-11,9.0,24.0,15.0
60,2025-11-12,14.0,12.0,-2.0
60,2025-11-13,20.0,20.0,0.0
60,2025-11-14,1.0,2.0,1.0
60,2025-11-15,2.0,26.0,24.0
60,2025-11-17,27.0,35.0,8.0
60,2025-11-18,5.0,9.0,4.0
60,2025-11-19,10.0,8.0,-2.0
60,2025-11-20,4.0,17.0,13.0
60,2025-11-21,-1.0,-4.0,-3.0
60,2025-11-22,4.0,4.0,0.0
60,2025-11-24,5.0,4.0,-1.0
60,2025-11-25,2.0,5.0,3.0
60,2025-11-26,31.0,49.0,18.0
60,2025-11-27,63.0,56.0,-7.0
60,2025-11-28,10.0,13.0,3.0
60,2025-11-29,7.0,4.0,-3.0
60,2025-12-01,4.0,3.0,-1.0
60,2025-12-02,2.0,33.0,31.0
60,2025-12-03,16.0,35.0,19.0
60,2025-12-04,8.0,46.0,38.0
60,2025-12-05,16.0,27.0,11.0
60,2025-12-06,0.0,27.0,27.0
60,2025-12-08,12.0,23.0,11.0
60,2025-12-09,2.0,13.0,11.0
60,2025-12-10,17.0,29.0,12.0
60,2025-12-11,0.0,23.0,23.0
60,2025-12-12,228.0,228.0,0.0
60,2025-12-13,47.0,48.0,1.0
60,2025-12-15,20.0,7.0,-13.0
60,2025-12-16,16.0,42.0,26.0
60,2025-12-17,7.0,11.0,4.0
60,2025-12-18,35.0,40.0,5.0
60,2025-12-19,73.0,119.0,46.0
60,2025-12-20,3.0,19.0,16.0
60,2025-12-22,5.0,3.0,-2.0
60,2025-12-23,25.0,33.0,8.0
60,2025-12-24,13.0,53.0,40.0
60,2025-12-25,0.0,2.0,2.0
60,2025-12-26,25.0,33.0,8.0
60,2025-12-27,15.0,23.0,8.0
60,2025-12-29,0.0,0.0,0.0
60,2025-12-30,0.0,8.0,8.0
60,2025-12-31,12.0,15.0,3.0
60,2026-01-01,3.0,19.0,16.0
60,2026-01-02,3.0,2.0,-1.0
60,2026-01-03,26.0,89.0,63.0
62,2025-04-01,3.0,33.0,30.0
62,2025-04-02,19.0,41.0,22.0
62,2025-04-03,15.0,33.0,18.0
62,2025-04-04,-1.0,26.0,27.0
62,2025-04-05,4.0,1.0,-3.0
62,2025-04-06,2.0,33.0,31.0
62,2025-04-07,19.0,50.0,31.0
62,2025-04-08,9.0,42.0,33.0
62,2025-04-09,56.0,84.0,28.0
62,2025-04-10,7.0,23.0,16.0
62,2025-04-11,63.0,79.0,16.0
62,2025-04-13,-2.0,16.0,18.0
62,2025-04-14,18.0,39.0,21.0
62,2025-04-15,12.0,67.0,55.0
62,2025-04-16,10.0,42.0,32.0
62,2025-04-17,-2.0,22.0,24.0
62,2025-04-18,6.0,32.0,26.0
62,2025-04-19,1.0,23.0,22.0
62,2025-04-20,-1.0,23.0,24.0
62,2025-04-21,2.0,20.0,18.0
62,2025-04-22,-2.0,20.0,22.0
62,2025-04-23,-4.0,5.0,9.0
62,2025-04-24,-1.0,23.0,24.0
62,2025-04-25,13.0,100.0,87.0
62,2025-04-26,9.0,21.0,12.0
62,2025-04-27,5.0,29.0,24.0
62,2025-04-28,14.0,20.0,6.0
62,2025-04-29,25.0,49.0,24.0
62,2025-04-30,-2.0,7.0,9.0
62,2025-05-01,2.0,21.0,19.0
62,2025-05-02,3.0,20.0,17.0
62,2025-05-03,0.0,-1.0,-1.0
62,2025-05-04,11.0,24.0,13.0
62,2025-05-05,11.0,26.0,15.0
62,2025-05-06,28.0,50.0,22.0
62,2025-05-07,0.0,22.0,22.0
62,2025-05-08,-1.0,19.0,20.0
62,2025-05-09,2.0,41.0,39.0
62,2025-05-10,7.0,15.0,8.0
62,2025-05-11,5.0,14.0,9.0
62,2025-05-12,7.0,8.0,1.0
62,2025-05-13,10.0,43.0,33.0
62,2025-05-14,2.0,36.0,34.0
62,2025-05-15,12.0,45.0,33.0
62,2025-05-16,2.0,20.0,18.0
62,2025-05-17,-1.0,18.0,19.0
62,2025-05-18,1.0,44.0,43.0
62,2025-05-19,2.0,40.0,38.0
62,2025-05-20,0.0,22.0,22.0
62,2025-05-21,5.0,15.0,10.0
62,2025-05-22,15.0,33.0,18.0
62,2025-05-23,10.0,55.0,45.0
62,2025-05-24,3.0,-1.0,-4.0
62,2025-05-25,0.0,38.0,38.0
62,2025-05-26,11.0,27.0,16.0
62,2025-05-27,0.0,11.0,11.0
62,2025-05-28,29.0,42.0,13.0
62,2025-05-29,8.0,29.0,21.0
62,2025-05-30,247.0,258.0,11.0
62,2025-05-31,4.0,20.0,16.0
62,2025-06-01,5.0,34.0,29.0
62,2025-06-02,-1.0,21.0,22.0
62,2025-06-03,2.0,16.0,14.0
62,2025-06-04,1.0,50.0,49.0
62,2025-06-05,-3.0,14.0,17.0
62,2025-06-06,2.0,28.0,26.0
62,2025-06-07,1.0,12.0,11.0
62,2025-06-08,50.0,83.0,33.0
62,2025-06-09,3.0,46.0,43.0
62,2025-06-10,0.0,19.0,19.0
62,2025-06-11,3.0,28.0,25.0
62,2025-06-12,18.0,51.0,33.0
62,2025-06-14,4.0,3.0,-1.0
62,2025-06-15,10.0,13.0,3.0
62,2025-06-16,14.0,41.0,27.0
62,2025-06-17,80.0,93.0,13.0
62,2025-06-18,6.0,31.0,25.0
62,2025-06-19,9.0,36.0,27.0
62,2025-06-20,14.0,62.0,48.0
62,2025-06-21,8.0,17.0,9.0
62,2025-06-22,9.0,83.0,74.0
62,2025-06-23,18.0,118.0,100.0
62,2025-06-24,9.0,96.0,87.0
62,2025-06-25,0.0,37.0,37.0
62,2025-06-26,4.0,5.0,1.0
62,2025-06-27,47.0,60.0,13.0
62,2025-06-28,-3.0,1.0,4.0
62,2025-06-29,11.0,23.0,12.0
62,2025-06-30,2.0,9.0,7.0
62,2025-07-01,20.0,27.0,7.0
62,2025-07-02,-1.0,6.0,7.0
62,2025-07-03,-2.0,8.0,10.0
62,2025-07-04,9.0,41.0,32.0
62,2025-07-05,-1.0,10.0,11.0
62,2025-07-06,2.0,30.0,28.0
62,2025-07-07,2.0,10.0,8.0
62,2025-07-08,-4.0,10.0,14.0
62,2025-07-09,19.0,34.0,15.0
62,2025-07-10,4.0,38.0,34.0
62,2025-07-11,19.0,40.0,21.0
62,2025-07-12,10.0,33.0,23.0
62,2025-07-14,22.0,52.0,30.0
62,2025-07-15,2.0,28.0,26.0
62,2025-07-16,8.0,54.0,46.0
62,2025-07-17,0.0,35.0,35.0
62,2025-07-18,21.0,70.0,49.0
62,2025-07-19,8.0,2.0,-6.0
62,2025-07-20,10.0,23.0,13.0
62,2025-07-21,3.0,12.0,9.0
62,2025-07-22,10.0,42.0,32.0
62,2025-07-23,8.0,18.0,10.0
62,2025-07-24,0.0,19.0,19.0
62,2025-07-25,25.0,45.0,20.0
62,2025-07-26,15.0,20.0,5.0
62,2025-07-28,1.0,35.0,34.0
62,2025-07-29,18.0,55.0,37.0
62,2025-07-30,4.0,20.0,16.0
62,2025-07-31,21.0,37.0,16.0
62,2025-08-01,60.0,78.0,18.0
62,2025-08-02,0.0,8.0,8.0
62,2025-08-03,25.0,58.0,33.0
62,2025-08-04,5.0,29.0,24.0
62,2025-08-05,-2.0,12.0,14.0
62,2025-08-06,3.0,23.0,20.0
62,2025-08-07,19.0,54.0,35.0
62,2025-08-08,37.0,78.0,41.0
62,2025-08-09,25.0,47.0,22.0
62,2025-08-10,5.0,56.0,51.0
62,2025-08-11,5.0,66.0,61.0
62,2025-08-12,3.0,77.0,74.0
62,2025-08-13,1.0,32.0,31.0
62,2025-08-14,10.0,18.0,8.0
62,2025-08-15,31.0,63.0,32.0
62,2025-08-16,112.0,183.0,71.0
62,2025-08-17,10.0,51.0,41.0
62,2025-08-18,0.0,8.0,8.0
62,2025-08-19,4.0,22.0,18.0
62,2025-08-20,7.0,32.0,25.0
62,2025-08-21,0.0,28.0,28.0
62,2025-08-22,11.0,34.0,23.0
62,2025-08-23,-1.0,95.0,96.0
62,2025-08-24,1.0,36.0,35.0
62,2025-08-25,12.0,32.0,20.0
62,2025-08-26,4.0,49.0,45.0
62,2025-08-27,14.0,39.0,25.0
62,2025-08-28,4.0,54.0,50.0
62,2025-08-29,18.0,24.0,6.0
62,2025-08-30,-3.0,2.0,5.0
62,2025-08-31,9.0,4.0,-5.0
62,2025-09-01,9.0,37.0,28.0
62,2025-09-02,4.0,20.0,16.0
62,2025-09-03,41.0,76.0,35.0
62,2025-09-04,3.0,25.0,22.0
62,2025-09-05,8.0,11.0,3.0
62,2025-09-06,0.0,4.0,4.0
62,2025-09-07,0.0,12.0,12.0
62,2025-09-08,5.0,7.0,2.0
62,2025-09-09,34.0,52.0,18.0
62,2025-09-10,40.0,56.0,16.0
62,2025-09-11,8.0,33.0,25.0
62,2025-09-12,11.0,20.0,9.0
62,2025-09-13,3.0,-3.0,-6.0
62,2025-09-15,7.0,6.0,-1.0
62,2025-09-16,9.0,76.0,67.0
62,2025-09-17,31.0,75.0,44.0
62,2025-09-18,8.0,4.0,-4.0
62,2025-09-19,14.0,42.0,28.0
62,2025-09-20,11.0,14.0,3.0
62,2025-09-21,31.0,48.0,17.0
62,2025-09-22,25.0,48.0,23.0
62,2025-09-23,2.0,10.0,8.0
62,2025-09-24,20.0,32.0,12.0
62,2025-09-25,21.0,16.0,-5.0
62,2025-09-26,11.0,18.0,7.0
62,2025-09-27,0.0,-1.0,-1.0
62,2025-09-28,11.0,19.0,8.0
62,2025-09-29,11.0,9.0,-2.0
62,2025-09-30,15.0,24.0,9.0
62,2025-10-01,1.0,35.0,34.0
62,2025-10-02,5.0,11.0,6.0
62,2025-10-03,13.0,41.0,28.0
62,2025-10-04,14.0,43.0,29.0
62,2025-10-05,13.0,43.0,30.0
62,2025-10-06,3.0,5.0,2.0
62,2025-10-07,7.0,24.0,17.0
62,2025-10-08,4.0,5.0,1.0
62,2025-10-09,9.0,27.0,18.0
62,2025-10-10,22.0,51.0,29.0
62,2025-10-11,2.0,-2.0,-4.0
62,2025-10-12,1.0,3.0,2.0
62,2025-10-13,6.0,13.0,7.0
62,2025-10-14,0.0,1.0,1.0
62,2025-10-15,-3.0,-2.0,1.0
62,2025-10-16,4.0,8.0,4.0
62,2025-10-17,41.0,54.0,13.0
62,2025-10-18,-3.0,-7.0,-4.0
62,2025-10-19,25.0,24.0,-1.0
62,2025-10-20,1.0,13.0,12.0
62,2025-10-21,9.0,7.0,-2.0
62,2025-10-22,-2.0,19.0,21.0
62,2025-10-23,26.0,46.0,20.0
62,2025-10-24,7.0,11.0,4.0
62,2025-10-25,2.0,-2.0,-4.0
62,2025-10-26,17.0,31.0,14.0
62,2025-10-27,5.0,25.0,20.0
62,2025-10-28,0.0,3.0,3.0
62,2025-10-29,7.0,11.0,4.0
62,2025-10-30,15.0,26.0,11.0
62,2025-10-31,13.0,42.0,29.0
62,2025-11-01,13.0,20.0,7.0
62,2025-11-02,14.0,16.0,2.0
62,2025-11-03,1.0,4.0,3.0
62,2025-11-04,0.0,0.0,0.0
62,2025-11-05,28.0,35.0,7.0
62,2025-11-06,9.0,28.0,19.0
62,2025-11-07,9.0,24.0,15.0
62,2025-11-08,0.0,-4.0,-4.0
62,2025-11-09,5.0,28.0,23.0
62,2025-11-10,13.0,10.0,-3.0
62,2025-11-11,7.0,22.0,15.0
62,2025-11-12,4.0,1.0,-3.0
62,2025-11-13,14.0,18.0,4.0
62,2025-11-14,15.0,22.0,7.0
62,2025-11-15,0.0,7.0,7.0
62,2025-11-16,60.0,55.0,-5.0
62,2025-11-17,15.0,48.0,33.0
62,2025-11-18,9.0,31.0,22.0
62,2025-11-19,10.0,21.0,11.0
62,2025-11-20,7.0,28.0,21.0
62,2025-11-21,8.0,26.0,18.0
62,2025-11-22,14.0,9.0,-5.0
62,2025-11-23,14.0,-1.0,-15.0
62,2025-11-24,13.0,19.0,6.0
62,2025-11-25,26.0,23.0,-3.0
62,2025-11-26,16.0,26.0,10.0
62,2025-11-27,41.0,63.0,22.0
62,2025-11-28,40.0,41.0,1.0
62,2025-11-29,12.0,8.0,-4.0
62,2025-11-30,39.0,81.0,42.0
62,2025-12-01,4.0,5.0,1.0
62,2025-12-02,51.0,59.0,8.0
62,2025-12-03,37.0,36.0,-1.0
62,2025-12-04,6.0,18.0,12.0
62,2025-12-05,13.0,11.0,-2.0
62,2025-12-06,9.0,-3.0,-12.0
62,2025-12-07,6.0,-1.0,-7.0
62,2025-12-08,37.0,44.0,7.0
62,2025-12-09,9.0,5.0,-4.0
62,2025-12-10,134.0,129.0,-5.0
62,2025-12-11,8.0,4.0,-4.0
62,2025-12-12,39.0,39.0,0.0
62,2025-12-13,17.0,4.0,-13.0
62,2025-12-14,21.0,14.0,-7.0
62,2025-12-15,14.0,11.0,-3.0
62,2025-12-16,19.0,26.0,7.0
62,2025-12-17,8.0,21.0,13.0
62,2025-12-18,-3.0,12.0,15.0
62,2025-12-19,10.0,39.0,29.0
62,2025-12-20,1.0,23.0,22.0
62,2025-12-21,9.0,26.0,17.0
62,2025-12-22,34.0,35.0,1.0
62,2025-12-23,18.0,33.0,15.0
62,2025-12-24,22.0,57.0,35.0
62,2025-12-25,0.0,4.0,4.0
62,2025-12-26,32.0,87.0,55.0
62,2025-12-27,67.0,89.0,22.0
62,2025-12-28,15.0,30.0,15.0
62,2025-12-29,21.0,52.0,31.0
62,2025-12-30,14.0,31.0,17.0
62,2025-12-31,5.0,9.0,4.0
62,2026-01-01,1.0,-2.0,-3.0
62,2026-01-02,16.0,59.0,43.0
62,2026-01-03,3.0,24.0,21.0
64,2025-04-01,13.0,11.0,-2.0
64,2025-04-02,0.0,0.0,0.0
64,2025-04-03,9.0,23.0,14.0
64,2025-04-04,9.0,0.0,-9.0
64,2025-04-05,39.0,44.0,5.0
64,2025-04-06,20.0,8.0,-12.0
64,2025-04-07,21.0,0.0,-21.0
64,2025-04-08,12.0,17.0,5.0
64,2025-04-09,10.0,6.0,-4.0
64,2025-04-10,9.0,24.0,15.0
64,2025-04-11,5.0,29.0,24.0
64,2025-04-13,-6.0,5.0,11.0
64,2025-04-14,-1.0,-5.0,-4.0
64,2025-04-15,9.0,17.0,8.0
64,2025-04-16,2.0,-4.0,-6.0
64,2025-04-17,21.0,14.0,-7.0
64,2025-04-18,0.0,-3.0,-3.0
64,2025-04-19,0.0,-5.0,-5.0
64,2025-04-20,22.0,36.0,14.0
64,2025-04-21,4.0,0.0,-4.0
64,2025-04-22,0.0,-1.0,-1.0
64,2025-04-23,-3.0,6.0,9.0
64,2025-04-24,3.0,-4.0,-7.0
64,2025-04-25,3.0,6.0,3.0
64,2025-04-26,28.0,19.0,-9.0
64,2025-04-27,7.0,0.0,-7.0
64,2025-04-28,-3.0,-2.0,1.0
64,2025-04-29,17.0,1.0,-16.0
64,2025-04-30,26.0,26.0,0.0
64,2025-05-01,11.0,5.0,-6.0
64,2025-05-02,13.0,9.0,-4.0
64,2025-05-03,-2.0,-14.0,-12.0
64,2025-05-04,109.0,128.0,19.0
64,2025-05-05,0.0,-6.0,-6.0
64,2025-05-06,1.0,4.0,3.0
64,2025-05-07,-2.0,-6.0,-4.0
64,2025-05-08,0.0,0.0,0.0
64,2025-05-09,2.0,0.0,-2.0
64,2025-05-10,-2.0,-14.0,-12.0
64,2025-05-11,16.0,3.0,-13.0
64,2025-05-12,10.0,5.0,-5.0
64,2025-05-13,12.0,16.0,4.0
64,2025-05-14,2.0,0.0,-2.0
64,2025-05-15,182.0,165.0,-17.0
64,2025-05-16,23.0,9.0,-14.0
64,2025-05-17,-1.0,-3.0,-2.0
64,2025-05-18,22.0,10.0,-12.0
64,2025-05-19,0.0,-12.0,-12.0
64,2025-05-20,166.0,199.0,33.0
64,2025-05-21,8.0,-1.0,-9.0
64,2025-05-22,0.0,0.0,0.0
64,2025-05-23,1.0,-4.0,-5.0
64,2025-05-24,36.0,58.0,22.0
64,2025-05-25,55.0,65.0,10.0
64,2025-05-26,-3.0,3.0,6.0
64,2025-05-27,25.0,28.0,3.0
64,2025-05-28,15.0,41.0,26.0
64,2025-05-29,2.0,5.0,3.0
64,2025-05-30,6.0,4.0,-2.0
64,2025-05-31,51.0,94.0,43.0
64,2025-06-01,31.0,41.0,10.0
64,2025-06-02,17.0,9.0,-8.0
64,2025-06-03,7.0,16.0,9.0
64,2025-06-04,3.0,62.0,59.0
64,2025-06-05,-2.0,3.0,5.0
64,2025-06-06,23.0,32.0,9.0
64,2025-06-07,48.0,86.0,38.0
64,2025-06-08,2.0,17.0,15.0
64,2025-06-09,-3.0,-5.0,-2.0
64,2025-06-10,6.0,1.0,-5.0
64,2025-06-11,3.0,3.0,0.0
64,2025-06-12,-2.0,-3.0,-1.0
64,2025-06-14,14.0,8.0,-6.0
64,2025-06-15,4.0,1.0,-3.0
64,2025-06-16,9.0,1.0,-8.0
64,2025-06-17,11.0,27.0,16.0
64,2025-06-18,34.0,46.0,12.0
64,2025-06-19,3.0,0.0,-3.0
64,2025-06-20,1.0,0.0,-1.0
64,2025-06-21,10.0,16.0,6.0
64,2025-06-22,33.0,78.0,45.0
64,2025-06-23,15.0,85.0,70.0
64,2025-06-24,13.0,50.0,37.0
64,2025-06-25,36.0,51.0,15.0
64,2025-06-26,7.0,7.0,0.0
64,2025-06-27,10.0,10.0,0.0
64,2025-06-28,1.0,-6.0,-7.0
64,2025-06-29,11.0,2.0,-9.0
64,2025-06-30,12.0,56.0,44.0
64,2025-07-01,8.0,0.0,-8.0
64,2025-07-02,0.0,13.0,13.0
64,2025-07-03,1.0,13.0,12.0
64,2025-07-04,6.0,-2.0,-8.0
64,2025-07-05,14.0,22.0,8.0
64,2025-07-06,25.0,79.0,54.0
64,2025-07-07,4.0,8.0,4.0
64,2025-07-08,8.0,9.0,1.0
64,2025-07-09,74.0,94.0,20.0
64,2025-07-10,14.0,24.0,10.0
64,2025-07-11,41.0,106.0,65.0
64,2025-07-12,30.0,140.0,110.0
64,2025-07-13,47.0,93.0,46.0
64,2025-07-14,6.0,5.0,-1.0
64,2025-07-15,13.0,82.0,69.0
64,2025-07-16,30.0,149.0,119.0
64,2025-07-17,3.0,26.0,23.0
64,2025-07-18,25.0,29.0,4.0
64,2025-07-19,4.0,11.0,7.0
64,2025-07-20,16.0,128.0,112.0
64,2025-07-21,7.0,-8.0,-15.0
64,2025-07-22,65.0,71.0,6.0
64,2025-07-23,13.0,36.0,23.0
64,2025-07-24,18.0,60.0,42.0
64,2025-07-25,147.0,175.0,28.0
64,2025-07-26,150.0,192.0,42.0
64,2025-07-27,26.0,41.0,15.0
64,2025-07-28,59.0,117.0,58.0
64,2025-07-29,32.0,48.0,16.0
64,2025-07-30,12.0,4.0,-8.0
64,2025-07-31,34.0,33.0,-1.0
64,2025-08-01,47.0,37.0,-10.0
64,2025-08-02,31.0,17.0,-14.0
64,2025-08-03,17.0,15.0,-2.0
64,2025-08-04,4.0,-6.0,-10.0
64,2025-08-05,18.0,41.0,23.0
64,2025-08-06,17.0,45.0,28.0
64,2025-08-07,5.0,21.0,16.0
64,2025-08-08,7.0,17.0,10.0
64,2025-08-09,22.0,112.0,90.0
64,2025-08-10,18.0,139.0,121.0
64,2025-08-11,31.0,137.0,106.0
64,2025-08-12,24.0,86.0,62.0
64,2025-08-13,13.0,23.0,10.0
64,2025-08-14,15.0,22.0,7.0
64,2025-08-15,16.0,30.0,14.0
64,2025-08-16,228.0,250.0,22.0
64,2025-08-17,51.0,47.0,-4.0
64,2025-08-18,-3.0,-12.0,-9.0
64,2025-08-19,11.0,2.0,-9.0
64,2025-08-20,1.0,-4.0,-5.0
64,2025-08-21,5.0,-6.0,-11.0
64,2025-08-22,134.0,135.0,1.0
64,2025-08-23,0.0,15.0,15.0
64,2025-08-24,15.0,17.0,2.0
64,2025-08-25,-1.0,-5.0,-4.0
64,2025-08-26,-3.0,48.0,51.0
64,2025-08-27,21.0,23.0,2.0
64,2025-08-28,0.0,0.0,0.0
64,2025-08-29,12.0,40.0,28.0
64,2025-08-30,0.0,-14.0,-14.0
64,2025-08-31,5.0,-3.0,-8.0
64,2025-09-01,1.0,-1.0,-2.0
64,2025-09-02,0.0,0.0,0.0
64,2025-09-03,46.0,49.0,3.0
64,2025-09-04,3.0,-1.0,-4.0
64,2025-09-05,11.0,10.0,-1.0
64,2025-09-06,-3.0,-8.0,-5.0
64,2025-09-07,-2.0,-10.0,-8.0
64,2025-09-08,16.0,12.0,-4.0
64,2025-09-09,8.0,10.0,2.0
64,2025-09-10,28.0,31.0,3.0
64,2025-09-11,0.0,-2.0,-2.0
64,2025-09-12,5.0,-1.0,-6.0
64,2025-09-13,38.0,36.0,-2.0
64,2025-09-14,65.0,74.0,9.0
64,2025-09-15,-2.0,2.0,4.0
64,2025-09-16,0.0,0.0,0.0
64,2025-09-17,0.0,-5.0,-5.0
64,2025-09-18,2.0,-4.0,-6.0
64,2025-09-19,10.0,52.0,42.0
64,2025-09-20,4.0,43.0,39.0
64,2025-09-21,8.0,17.0,9.0
64,2025-09-22,8.0,1.0,-7.0
64,2025-09-23,5.0,-10.0,-15.0
64,2025-09-24,18.0,11.0,-7.0
64,2025-09-25,15.0,8.0,-7.0
64,2025-09-26,17.0,10.0,-7.0
64,2025-09-27,43.0,35.0,-8.0
64,2025-09-28,8.0,-3.0,-11.0
64,2025-09-29,-3.0,2.0,5.0
64,2025-09-30,-3.0,4.0,7.0
64,2025-10-01,0.0,-6.0,-6.0
64,2025-10-02,0.0,-2.0,-2.0
64,2025-10-03,223.0,211.0,-12.0
64,2025-10-04,0.0,5.0,5.0
64,2025-10-05,7.0,49.0,42.0
64,2025-10-06,3.0,0.0,-3.0
64,2025-10-07,1.0,0.0,-1.0
64,2025-10-08,0.0,-4.0,-4.0
64,2025-10-09,0.0,43.0,43.0
64,2025-10-10,34.0,58.0,24.0
64,2025-10-11,8.0,0.0,-8.0
64,2025-10-12,-2.0,-7.0,-5.0
64,2025-10-13,0.0,6.0,6.0
64,2025-10-14,3.0,6.0,3.0
64,2025-10-15,-2.0,20.0,22.0
64,2025-10-16,2.0,7.0,5.0
64,2025-10-17,22.0,33.0,11.0
64,2025-10-18,-1.0,0.0,1.0
64,2025-10-19,32.0,33.0,1.0
64,2025-10-20,54.0,48.0,-6.0
64,2025-10-21,12.0,15.0,3.0
64,2025-10-22,2.0,-8.0,-10.0
64,2025-10-23,2.0,-6.0,-8.0
64,2025-10-24,14.0,3.0,-11.0
64,2025-10-25,3.0,-10.0,-13.0
64,2025-10-26,-2.0,-7.0,-5.0
64,2025-10-27,10.0,11.0,1.0
64,2025-10-28,8.0,3.0,-5.0
64,2025-10-29,0.0,16.0,16.0
64,2025-10-30,12.0,53.0,41.0
64,2025-10-31,7.0,33.0,26.0
64,2025-11-01,44.0,41.0,-3.0
64,2025-11-02,11.0,28.0,17.0
64,2025-11-03,63.0,47.0,-16.0
64,2025-11-04,-2.0,1.0,3.0
64,2025-11-05,9.0,10.0,1.0
64,2025-11-06,-1.0,-7.0,-6.0
64,2025-11-07,8.0,-1.0,-9.0
64,2025-11-08,-2.0,-18.0,-16.0
64,2025-11-09,1.0,-2.0,-3.0
64,2025-11-10,11.0,-2.0,-13.0
64,2025-11-11,8.0,50.0,42.0
64,2025-11-12,-1.0,5.0,6.0
64,2025-11-13,16.0,1.0,-15.0
64,2025-11-14,31.0,57.0,26.0
64,2025-11-15,21.0,9.0,-12.0
64,2025-11-16,30.0,22.0,-8.0
64,2025-11-17,0.0,-8.0,-8.0
64,2025-11-18,10.0,0.0,-10.0
64,2025-11-19,7.0,2.0,-5.0
64,2025-11-20,-2.0,-9.0,-7.0
64,2025-11-21,0.0,-8.0,-8.0
64,2025-11-22,11.0,-3.0,-14.0
64,2025-11-23,26.0,9.0,-17.0
64,2025-11-24,6.0,-8.0,-14.0
64,2025-11-25,0.0,-11.0,-11.0
64,2025-11-26,13.0,15.0,2.0
64,2025-11-27,0.0,-12.0,-12.0
64,2025-11-28,1.0,-1.0,-2.0
64,2025-11-29,10.0,-4.0,-14.0
64,2025-11-30,25.0,16.0,-9.0
64,2025-12-01,4.0,-5.0,-9.0
64,2025-12-02,-1.0,2.0,3.0
64,2025-12-03,8.0,-1.0,-9.0
64,2025-12-04,0.0,-8.0,-8.0
64,2025-12-05,1.0,-4.0,-5.0
64,2025-12-06,38.0,48.0,10.0
64,2025-12-07,22.0,12.0,-10.0
64,2025-12-08,-1.0,-5.0,-4.0
64,2025-12-09,2.0,-9.0,-11.0
64,2025-12-10,9.0,7.0,-2.0
64,2025-12-11,2.0,-9.0,-11.0
64,2025-12-12,20.0,7.0,-13.0
64,2025-12-13,52.0,56.0,4.0
64,2025-12-14,37.0,60.0,23.0
64,2025-12-15,-3.0,-2.0,1.0
64,2025-12-16,-3.0,-5.0,-2.0
64,2025-12-17,34.0,40.0,6.0
64,2025-12-18,24.0,7.0,-17.0
64,2025-12-19,11.0,17.0,6.0
64,2025-12-20,34.0,120.0,86.0
64,2025-12-21,89.0,87.0,-2.0
64,2025-12-22,1.0,-6.0,-7.0
64,2025-12-23,9.0,9.0,0.0
64,2025-12-24,0.0,-10.0,-10.0
64,2025-12-25,8.0,-6.0,-14.0
64,2025-12-26,36.0,50.0,14.0
64,2025-12-27,57.0,64.0,7.0
64,2025-12-28,40.0,39.0,-1.0
64,2025-12-29,48.0,46.0,-2.0
64,2025-12-30,2.0,-6.0,-8.0
64,2025-12-31,13.0,9.0,-4.0
64,2026-01-01,11.0,-4.0,-15.0
64,2026-01-02,12.0,10.0,-2.0
64,2026-01-03,0.0,-9.0,-9.0
66,2025-04-01,3.0,15.0,12.0
66,2025-04-02,13.0,5.0,-8.0
66,2025-04-03,2.0,21.0,19.0
66,2025-04-04,10.0,5.0,-5.0
66,2025-04-05,19.0,14.0,-5.0
66,2025-04-06,31.0,42.0,11.0
66,2025-04-07,16.0,38.0,22.0
66,2025-04-08,5.0,12.0,7.0
66,2025-04-09,39.0,46.0,7.0
66,2025-04-10,24.0,41.0,17.0
66,2025-04-11,15.0,19.0,4.0
66,2025-04-13,67.0,77.0,10.0
66,2025-04-14,7.0,21.0,14.0
66,2025-04-15,18.0,12.0,-6.0
66,2025-04-16,2.0,3.0,1.0
66,2025-04-17,6.0,13.0,7.0
66,2025-04-18,31.0,31.0,0.0
66,2025-04-19,19.0,13.0,-6.0
66,2025-04-20,21.0,31.0,10.0
66,2025-04-21,3.0,11.0,8.0
66,2025-04-22,85.0,98.0,13.0
66,2025-04-23,24.0,40.0,16.0
66,2025-04-24,2.0,11.0,9.0
66,2025-04-25,19.0,29.0,10.0
66,2025-04-26,63.0,60.0,-3.0
66,2025-04-27,17.0,15.0,-2.0
66,2025-04-28,19.0,39.0,20.0
66,2025-04-29,16.0,41.0,25.0
66,2025-04-30,44.0,45.0,1.0
66,2025-05-01,10.0,2.0,-8.0
66,2025-05-02,17.0,20.0,3.0
66,2025-05-03,5.0,2.0,-3.0
66,2025-05-04,25.0,35.0,10.0
66,2025-05-05,0.0,1.0,1.0
66,2025-05-06,24.0,45.0,21.0
66,2025-05-07,16.0,21.0,5.0
66,2025-05-08,15.0,21.0,6.0
66,2025-05-09,126.0,135.0,9.0
66,2025-05-10,5.0,0.0,-5.0
66,2025-05-11,19.0,10.0,-9.0
66,2025-05-12,18.0,30.0,12.0
66,2025-05-13,12.0,12.0,0.0
66,2025-05-14,1.0,17.0,16.0
66,2025-05-15,19.0,19.0,0.0
66,2025-05-16,3.0,22.0,19.0
66,2025-05-17,4.0,4.0,0.0
66,2025-05-18,59.0,47.0,-12.0
66,2025-05-19,0.0,26.0,26.0
66,2025-05-20,14.0,25.0,11.0
66,2025-05-21,13.0,13.0,0.0
66,2025-05-22,6.0,1.0,-5.0
66,2025-05-23,23.0,36.0,13.0
66,2025-05-24,19.0,18.0,-1.0
66,2025-05-25,21.0,13.0,-8.0
66,2025-05-26,14.0,20.0,6.0
66,2025-05-27,23.0,28.0,5.0
66,2025-05-28,23.0,33.0,10.0
66,2025-05-29,9.0,23.0,14.0
66,2025-05-30,13.0,21.0,8.0
66,2025-05-31,20.0,14.0,-6.0
66,2025-06-01,29.0,24.0,-5.0
66,2025-06-02,61.0,60.0,-1.0
66,2025-06-03,4.0,6.0,2.0
66,2025-06-04,27.0,108.0,81.0
66,2025-06-05,12.0,7.0,-5.0
66,2025-06-06,178.0,177.0,-1.0
66,2025-06-07,5.0,8.0,3.0
66,2025-06-08,33.0,42.0,9.0
66,2025-06-09,2.0,3.0,1.0
66,2025-06-10,6.0,32.0,26.0
66,2025-06-11,17.0,17.0,0.0
66,2025-06-12,-2.0,4.0,6.0
66,2025-06-14,18.0,15.0,-3.0
66,2025-06-15,28.0,31.0,3.0
66,2025-06-16,5.0,9.0,4.0
66,2025-06-17,17.0,21.0,4.0
66,2025-06-18,28.0,48.0,20.0
66,2025-06-19,7.0,6.0,-1.0
66,2025-06-20,3.0,32.0,29.0
66,2025-06-21,2.0,9.0,7.0
66,2025-06-22,54.0,70.0,16.0
66,2025-06-23,83.0,115.0,32.0
66,2025-06-24,78.0,139.0,61.0
66,2025-06-25,25.0,35.0,10.0
66,2025-06-26,16.0,18.0,2.0
66,2025-06-27,2.0,9.0,7.0
66,2025-06-28,13.0,20.0,7.0
66,2025-06-29,31.0,41.0,10.0
66,2025-06-30,18.0,43.0,25.0
66,2025-07-01,5.0,30.0,25.0
66,2025-07-02,21.0,49.0,28.0
66,2025-07-03,6.0,8.0,2.0
66,2025-07-04,6.0,6.0,0.0
66,2025-07-05,31.0,41.0,10.0
66,2025-07-06,61.0,78.0,17.0
66,2025-07-07,9.0,5.0,-4.0
66,2025-07-08,20.0,30.0,10.0
66,2025-07-09,102.0,123.0,21.0
66,2025-07-10,22.0,33.0,11.0
66,2025-07-11,24.0,41.0,17.0
66,2025-07-12,70.0,102.0,32.0
66,2025-07-13,26.0,35.0,9.0
66,2025-07-14,11.0,17.0,6.0
66,2025-07-15,48.0,72.0,24.0
66,2025-07-16,63.0,92.0,29.0
66,2025-07-17,21.0,26.0,5.0
66,2025-07-18,8.0,22.0,14.0
66,2025-07-19,31.0,29.0,-2.0
66,2025-07-20,15.0,23.0,8.0
66,2025-07-21,78.0,77.0,-1.0
66,2025-07-22,11.0,23.0,12.0
66,2025-07-23,21.0,29.0,8.0
66,2025-07-24,53.0,105.0,52.0
66,2025-07-25,178.0,178.0,0.0
66,2025-07-26,60.0,74.0,14.0
66,2025-07-27,34.0,56.0,22.0
66,2025-07-28,52.0,55.0,3.0
66,2025-07-29,12.0,44.0,32.0
66,2025-07-30,46.0,39.0,-7.0
66,2025-07-31,27.0,21.0,-6.0
66,2025-08-01,31.0,30.0,-1.0
66,2025-08-02,45.0,51.0,6.0
66,2025-08-03,8.0,9.0,1.0
66,2025-08-04,12.0,19.0,7.0
66,2025-08-05,15.0,22.0,7.0
66,2025-08-06,20.0,43.0,23.0
66,2025-08-07,37.0,38.0,1.0
66,2025-08-08,51.0,64.0,13.0
66,2025-08-09,39.0,50.0,11.0
66,2025-08-10,83.0,104.0,21.0
66,2025-08-11,51.0,73.0,22.0
66,2025-08-12,40.0,57.0,17.0
66,2025-08-13,17.0,36.0,19.0
66,2025-08-14,27.0,34.0,7.0
66,2025-08-15,32.0,62.0,30.0
66,2025-08-16,76.0,85.0,9.0
66,2025-08-17,16.0,12.0,-4.0
66,2025-08-18,12.0,12.0,0.0
66,2025-08-19,38.0,37.0,-1.0
66,2025-08-20,24.0,36.0,12.0
66,2025-08-21,10.0,11.0,1.0
66,2025-08-22,65.0,63.0,-2.0
66,2025-08-23,11.0,21.0,10.0
66,2025-08-24,16.0,18.0,2.0
66,2025-08-25,6.0,10.0,4.0
66,2025-08-26,9.0,32.0,23.0
66,2025-08-27,26.0,40.0,14.0
66,2025-08-28,8.0,9.0,1.0
66,2025-08-29,54.0,45.0,-9.0
66,2025-08-30,13.0,0.0,-13.0
66,2025-08-31,13.0,6.0,-7.0
66,2025-09-01,11.0,2.0,-9.0
66,2025-09-02,4.0,8.0,4.0
66,2025-09-03,17.0,35.0,18.0
66,2025-09-04,1.0,3.0,2.0
66,2025-09-05,0.0,13.0,13.0
66,2025-09-06,9.0,12.0,3.0
66,2025-09-07,14.0,9.0,-5.0
66,2025-09-08,10.0,10.0,0.0
66,2025-09-09,8.0,17.0,9.0
66,2025-09-10,7.0,38.0,31.0
66,2025-09-11,8.0,7.0,-1.0
66,2025-09-12,34.0,33.0,-1.0
66,2025-09-13,81.0,77.0,-4.0
66,2025-09-14,7.0,43.0,36.0
66,2025-09-15,28.0,25.0,-3.0
66,2025-09-16,20.0,48.0,28.0
66,2025-09-17,24.0,41.0,17.0
66,2025-09-18,11.0,12.0,1.0
66,2025-09-19,13.0,7.0,-6.0
66,2025-09-20,14.0,44.0,30.0
66,2025-09-21,23.0,40.0,17.0
66,2025-09-22,66.0,102.0,36.0
66,2025-09-23,11.0,23.0,12.0
66,2025-09-24,10.0,28.0,18.0
66,2025-09-25,72.0,70.0,-2.0
66,2025-09-26,7.0,5.0,-2.0
66,2025-09-27,9.0,18.0,9.0
66,2025-09-28,25.0,43.0,18.0
66,2025-09-29,23.0,16.0,-7.0
66,2025-09-30,6.0,37.0,31.0
66,2025-10-01,12.0,26.0,14.0
66,2025-10-02,344.0,342.0,-2.0
66,2025-10-03,19.0,23.0,4.0
66,2025-10-04,19.0,31.0,12.0
66,2025-10-05,9.0,3.0,-6.0
66,2025-10-06,6.0,11.0,5.0
66,2025-10-07,24.0,60.0,36.0
66,2025-10-08,1.0,6.0,5.0
66,2025-10-09,9.0,19.0,10.0
66,2025-10-10,15.0,30.0,15.0
66,2025-10-11,4.0,3.0,-1.0
66,2025-10-12,83.0,76.0,-7.0
66,2025-10-13,8.0,2.0,-6.0
66,2025-10-14,4.0,13.0,9.0
66,2025-10-15,8.0,12.0,4.0
66,2025-10-16,1.0,0.0,-1.0
66,2025-10-17,8.0,9.0,1.0
66,2025-10-18,12.0,11.0,-1.0
66,2025-10-19,26.0,49.0,23.0
66,2025-10-20,7.0,-2.0,-9.0
66,2025-10-21,9.0,19.0,10.0
66,2025-10-22,13.0,23.0,10.0
66,2025-10-23,3.0,43.0,40.0
66,2025-10-24,29.0,28.0,-1.0
66,2025-10-25,10.0,10.0,0.0
66,2025-10-26,0.0,0.0,0.0
66,2025-10-27,4.0,0.0,-4.0
66,2025-10-28,6.0,13.0,7.0
66,2025-10-29,4.0,4.0,0.0
66,2025-10-30,3.0,3.0,0.0
66,2025-10-31,15.0,30.0,15.0
66,2025-11-01,7.0,18.0,11.0
66,2025-11-02,17.0,13.0,-4.0
66,2025-11-03,6.0,13.0,7.0
66,2025-11-04,14.0,11.0,-3.0
66,2025-11-05,20.0,22.0,2.0
66,2025-11-06,1.0,19.0,18.0
66,2025-11-07,33.0,28.0,-5.0
66,2025-11-08,7.0,0.0,-7.0
66,2025-11-09,18.0,48.0,30.0
66,2025-11-10,4.0,15.0,11.0
66,2025-11-11,32.0,41.0,9.0
66,2025-11-12,1.0,2.0,1.0
66,2025-11-13,27.0,21.0,-6.0
66,2025-11-14,21.0,17.0,-4.0
66,2025-11-15,42.0,47.0,5.0
66,2025-11-16,75.0,78.0,3.0
66,2025-11-17,18.0,14.0,-4.0
66,2025-11-18,25.0,22.0,-3.0
66,2025-11-19,15.0,12.0,-3.0
66,2025-11-20,5.0,0.0,-5.0
66,2025-11-21,26.0,37.0,11.0
66,2025-11-22,24.0,14.0,-10.0
66,2025-11-23,32.0,42.0,10.0
66,2025-11-24,5.0,-3.0,-8.0
66,2025-11-25,32.0,36.0,4.0
66,2025-11-26,7.0,34.0,27.0
66,2025-11-27,2.0,-2.0,-4.0
66,2025-11-28,20.0,16.0,-4.0
66,2025-11-29,2.0,-4.0,-6.0
66,2025-11-30,25.0,35.0,10.0
66,2025-12-01,24.0,27.0,3.0
66,2025-12-02,6.0,54.0,48.0
66,2025-12-03,1.0,18.0,17.0
66,2025-12-04,14.0,74.0,60.0
66,2025-12-05,46.0,49.0,3.0
66,2025-12-06,8.0,7.0,-1.0
66,2025-12-07,24.0,43.0,19.0
66,2025-12-08,3.0,-3.0,-6.0
66,2025-12-09,15.0,28.0,13.0
66,2025-12-10,14.0,11.0,-3.0
66,2025-12-11,41.0,37.0,-4.0
66,2025-12-12,7.0,44.0,37.0
66,2025-12-13,6.0,-1.0,-7.0
66,2025-12-14,10.0,-1.0,-11.0
66,2025-12-15,9.0,2.0,-7.0
66,2025-12-16,9.0,6.0,-3.0
66,2025-12-17,6.0,0.0,-6.0
66,2025-12-18,25.0,25.0,0.0
66,2025-12-19,74.0,106.0,32.0
66,2025-12-20,51.0,59.0,8.0
66,2025-12-21,25.0,25.0,0.0
66,2025-12-22,21.0,22.0,1.0
66,2025-12-23,25.0,57.0,32.0
66,2025-12-24,20.0,26.0,6.0
66,2025-12-25,6.0,8.0,2.0
66,2025-12-26,37.0,68.0,31.0
66,2025-12-27,8.0,13.0,5.0
66,2025-12-28,34.0,33.0,-1.0
66,2025-12-29,30.0,45.0,15.0
66,2025-12-30,10.0,23.0,13.0
66,2025-12-31,14.0,25.0,11.0
66,2026-01-01,2.0,5.0,3.0
66,2026-01-02,2.0,2.0,0.0
66,2026-01-03,0.0,9.0,9.0
68,2025-04-01,9.0,15.0,6.0
68,2025-04-02,18.0,21.0,3.0
68,2025-04-03,33.0,53.0,20.0
68,2025-04-04,17.0,22.0,5.0
68,2025-04-05,7.0,-4.0,-11.0
68,2025-04-06,43.0,67.0,24.0
68,2025-04-07,11.0,1.0,-10.0
68,2025-04-08,11.0,31.0,20.0
68,2025-04-09,66.0,77.0,11.0
68,2025-04-10,41.0,65.0,24.0
68,2025-04-11,27.0,27.0,0.0
68,2025-04-13,99.0,97.0,-2.0
68,2025-04-14,10.0,11.0,1.0
68,2025-04-15,8.0,12.0,4.0
68,2025-04-16,10.0,8.0,-2.0
68,2025-04-17,67.0,119.0,52.0
68,2025-04-18,38.0,61.0,23.0
68,2025-04-19,10.0,9.0,-1.0
68,2025-04-20,14.0,10.0,-4.0
68,2025-04-21,9.0,-2.0,-11.0
68,2025-04-22,11.0,38.0,27.0
68,2025-04-23,22.0,22.0,0.0
68,2025-04-24,27.0,58.0,31.0
68,2025-04-25,48.0,67.0,19.0
68,2025-04-26,24.0,22.0,-2.0
68,2025-04-27,20.0,21.0,1.0
68,2025-04-28,16.0,33.0,17.0
68,2025-04-29,57.0,67.0,10.0
68,2025-04-30,16.0,19.0,3.0
68,2025-05-01,30.0,55.0,25.0
68,2025-05-02,52.0,64.0,12.0
68,2025-05-03,3.0,10.0,7.0
68,2025-05-04,26.0,24.0,-2.0
68,2025-05-05,8.0,15.0,7.0
68,2025-05-06,41.0,65.0,24.0
68,2025-05-07,13.0,15.0,2.0
68,2025-05-08,32.0,63.0,31.0
68,2025-05-09,8.0,8.0,0.0
68,2025-05-10,20.0,19.0,-1.0
68,2025-05-11,27.0,46.0,19.0
68,2025-05-12,32.0,53.0,21.0
68,2025-05-13,20.0,21.0,1.0
68,2025-05-14,3.0,33.0,30.0
68,2025-05-15,33.0,68.0,35.0
68,2025-05-16,20.0,23.0,3.0
68,2025-05-17,51.0,47.0,-4.0
68,2025-05-18,18.0,15.0,-3.0
68,2025-05-19,36.0,55.0,19.0
68,2025-05-20,9.0,2.0,-7.0
68,2025-05-21,6.0,3.0,-3.0
68,2025-05-22,34.0,66.0,32.0
68,2025-05-23,17.0,40.0,23.0
68,2025-05-24,37.0,36.0,-1.0
68,2025-05-25,24.0,40.0,16.0
68,2025-05-26,74.0,80.0,6.0
68,2025-05-27,11.0,8.0,-3.0
68,2025-05-28,9.0,12.0,3.0
68,2025-05-29,10.0,10.0,0.0
68,2025-05-30,8.0,13.0,5.0
68,2025-05-31,66.0,72.0,6.0
68,2025-06-01,33.0,70.0,37.0
68,2025-06-02,37.0,61.0,24.0
68,2025-06-03,2.0,2.0,0.0
68,2025-06-04,19.0,27.0,8.0
68,2025-06-05,14.0,28.0,14.0
68,2025-06-06,182.0,183.0,1.0
68,2025-06-07,17.0,27.0,10.0
68,2025-06-08,25.0,52.0,27.0
68,2025-06-09,20.0,58.0,38.0
68,2025-06-10,18.0,5.0,-13.0
68,2025-06-11,24.0,25.0,1.0
68,2025-06-12,21.0,30.0,9.0
68,2025-06-14,24.0,37.0,13.0
68,2025-06-15,53.0,74.0,21.0
68,2025-06-16,45.0,61.0,16.0
68,2025-06-17,18.0,21.0,3.0
68,2025-06-18,32.0,32.0,0.0
68,2025-06-19,8.0,7.0,-1.0
68,2025-06-20,49.0,47.0,-2.0
68,2025-06-21,17.0,67.0,50.0
68,2025-06-22,56.0,78.0,22.0
68,2025-06-23,46.0,71.0,25.0
68,2025-06-24,54.0,109.0,55.0
68,2025-06-25,12.0,12.0,0.0
68,2025-06-26,24.0,27.0,3.0
68,2025-06-27,29.0,28.0,-1.0
68,2025-06-28,9.0,12.0,3.0
68,2025-06-29,55.0,74.0,19.0
68,2025-06-30,30.0,54.0,24.0
68,2025-07-01,13.0,16.0,3.0
68,2025-07-02,24.0,48.0,24.0
68,2025-07-03,2.0,8.0,6.0
68,2025-07-04,10.0,7.0,-3.0
68,2025-07-05,15.0,15.0,0.0
68,2025-07-06,38.0,60.0,22.0
68,2025-07-07,35.0,53.0,18.0
68,2025-07-08,17.0,18.0,1.0
68,2025-07-09,22.0,23.0,1.0
68,2025-07-10,25.0,19.0,-6.0
68,2025-07-11,130.0,140.0,10.0
68,2025-07-12,55.0,57.0,2.0
68,2025-07-13,47.0,63.0,16.0
68,2025-07-14,43.0,60.0,17.0
68,2025-07-15,27.0,29.0,2.0
68,2025-07-16,21.0,37.0,16.0
68,2025-07-17,27.0,80.0,53.0
68,2025-07-18,70.0,81.0,11.0
68,2025-07-19,25.0,27.0,2.0
68,2025-07-20,37.0,54.0,17.0
68,2025-07-21,55.0,85.0,30.0
68,2025-07-22,45.0,50.0,5.0
68,2025-07-23,87.0,98.0,11.0
68,2025-07-24,22.0,38.0,16.0
68,2025-07-25,58.0,61.0,3.0
68,2025-07-26,27.0,36.0,9.0
68,2025-07-27,56.0,74.0,18.0
68,2025-07-28,48.0,75.0,27.0
68,2025-07-29,12.0,5.0,-7.0
68,2025-07-30,21.0,26.0,5.0
68,2025-07-31,6.0,-1.0,-7.0
68,2025-08-01,87.0,94.0,7.0
68,2025-08-02,13.0,20.0,7.0
68,2025-08-03,29.0,44.0,15.0
68,2025-08-04,29.0,51.0,22.0
68,2025-08-05,11.0,14.0,3.0
68,2025-08-06,17.0,16.0,-1.0
68,2025-08-07,10.0,20.0,10.0
68,2025-08-08,64.0,73.0,9.0
68,2025-08-09,24.0,29.0,5.0
68,2025-08-10,29.0,51.0,22.0
68,2025-08-11,55.0,86.0,31.0
68,2025-08-12,30.0,44.0,14.0
68,2025-08-13,24.0,60.0,36.0
68,2025-08-14,16.0,12.0,-4.0
68,2025-08-15,47.0,59.0,12.0
68,2025-08-16,182.0,188.0,6.0
68,2025-08-17,43.0,63.0,20.0
68,2025-08-18,31.0,47.0,16.0
68,2025-08-19,123.0,151.0,28.0
68,2025-08-20,20.0,42.0,22.0
68,2025-08-21,23.0,20.0,-3.0
68,2025-08-22,162.0,163.0,1.0
68,2025-08-23,10.0,11.0,1.0
68,2025-08-24,25.0,51.0,26.0
68,2025-08-25,35.0,52.0,17.0
68,2025-08-26,25.0,38.0,13.0
68,2025-08-27,0.0,5.0,5.0
68,2025-08-28,15.0,15.0,0.0
68,2025-08-29,6.0,14.0,8.0
68,2025-08-30,19.0,28.0,9.0
68,2025-08-31,10.0,21.0,11.0
68,2025-09-01,11.0,13.0,2.0
68,2025-09-02,3.0,-4.0,-7.0
68,2025-09-03,26.0,27.0,1.0
68,2025-09-04,3.0,20.0,17.0
68,2025-09-05,8.0,7.0,-1.0
68,2025-09-06,10.0,13.0,3.0
68,2025-09-07,15.0,18.0,3.0
68,2025-09-08,10.0,19.0,9.0
68,2025-09-09,10.0,11.0,1.0
68,2025-09-10,6.0,6.0,0.0
68,2025-09-11,5.0,15.0,10.0
68,2025-09-12,9.0,13.0,4.0
68,2025-09-13,40.0,43.0,3.0
68,2025-09-14,29.0,29.0,0.0
68,2025-09-15,10.0,17.0,7.0
68,2025-09-16,5.0,6.0,1.0
68,2025-09-17,18.0,24.0,6.0
68,2025-09-18,63.0,83.0,20.0
68,2025-09-19,93.0,94.0,1.0
68,2025-09-20,11.0,49.0,38.0
68,2025-09-21,12.0,54.0,42.0
68,2025-09-22,17.0,41.0,24.0
68,2025-09-23,2.0,7.0,5.0
68,2025-09-24,35.0,45.0,10.0
68,2025-09-25,39.0,50.0,11.0
68,2025-09-26,1.0,12.0,11.0
68,2025-09-27,8.0,3.0,-5.0
68,2025-09-28,0.0,-3.0,-3.0
68,2025-09-29,26.0,23.0,-3.0
68,2025-09-30,7.0,16.0,9.0
68,2025-10-01,12.0,18.0,6.0
68,2025-10-02,273.0,273.0,0.0
68,2025-10-03,8.0,6.0,-2.0
68,2025-10-04,11.0,9.0,-2.0
68,2025-10-05,13.0,26.0,13.0
68,2025-10-06,4.0,0.0,-4.0
68,2025-10-07,5.0,10.0,5.0
68,2025-10-08,8.0,14.0,6.0
68,2025-10-09,11.0,19.0,8.0
68,2025-10-10,10.0,18.0,8.0
68,2025-10-11,11.0,5.0,-6.0
68,2025-10-12,0.0,-2.0,-2.0
68,2025-10-13,3.0,4.0,1.0
68,2025-10-14,16.0,26.0,10.0
68,2025-10-15,3.0,5.0,2.0
68,2025-10-16,3.0,13.0,10.0
68,2025-10-17,2.0,-5.0,-7.0
68,2025-10-18,32.0,34.0,2.0
68,2025-10-19,22.0,17.0,-5.0
68,2025-10-20,100.0,103.0,3.0
68,2025-10-21,0.0,2.0,2.0
68,2025-10-22,14.0,32.0,18.0
68,2025-10-23,6.0,-1.0,-7.0
68,2025-10-24,7.0,11.0,4.0
68,2025-10-25,23.0,19.0,-4.0
68,2025-10-26,-1.0,3.0,4.0
68,2025-10-27,13.0,12.0,-1.0
68,2025-10-28,19.0,17.0,-2.0
68,2025-10-29,13.0,23.0,10.0
68,2025-10-30,35.0,33.0,-2.0
68,2025-10-31,4.0,11.0,7.0
68,2025-11-01,18.0,14.0,-4.0
68,2025-11-02,1.0,-3.0,-4.0
68,2025-11-03,27.0,38.0,11.0
68,2025-11-04,8.0,16.0,8.0
68,2025-11-05,9.0,8.0,-1.0
68,2025-11-06,34.0,27.0,-7.0
68,2025-11-07,13.0,22.0,9.0
68,2025-11-08,3.0,-4.0,-7.0
68,2025-11-09,28.0,38.0,10.0
68,2025-11-10,49.0,66.0,17.0
68,2025-11-11,25.0,33.0,8.0
68,2025-11-12,13.0,18.0,5.0
68,2025-11-13,62.0,79.0,17.0
68,2025-11-14,17.0,28.0,11.0
68,2025-11-15,42.0,47.0,5.0
68,2025-11-16,79.0,82.0,3.0
68,2025-11-17,4.0,9.0,5.0
68,2025-11-18,17.0,31.0,14.0
68,2025-11-19,12.0,8.0,-4.0
68,2025-11-20,42.0,37.0,-5.0
68,2025-11-21,9.0,43.0,34.0
68,2025-11-22,18.0,14.0,-4.0
68,2025-11-23,5.0,11.0,6.0
68,2025-11-24,19.0,18.0,-1.0
68,2025-11-25,10.0,18.0,8.0
68,2025-11-26,27.0,24.0,-3.0
68,2025-11-27,25.0,21.0,-4.0
68,2025-11-28,14.0,3.0,-11.0
68,2025-11-29,20.0,33.0,13.0
68,2025-11-30,30.0,60.0,30.0
68,2025-12-01,24.0,32.0,8.0
68,2025-12-02,8.0,12.0,4.0
68,2025-12-03,27.0,41.0,14.0
68,2025-12-04,10.0,34.0,24.0
68,2025-12-05,60.0,69.0,9.0
68,2025-12-06,13.0,20.0,7.0
68,2025-12-07,11.0,18.0,7.0
68,2025-12-08,8.0,9.0,1.0
68,2025-12-09,47.0,51.0,4.0
68,2025-12-10,16.0,19.0,3.0
68,2025-12-11,23.0,34.0,11.0
68,2025-12-12,49.0,54.0,5.0
68,2025-12-13,96.0,103.0,7.0
68,2025-12-14,13.0,55.0,42.0
68,2025-12-15,6.0,1.0,-5.0
68,2025-12-16,28.0,41.0,13.0
68,2025-12-17,34.0,35.0,1.0
68,2025-12-18,21.0,14.0,-7.0
68,2025-12-19,45.0,81.0,36.0
68,2025-12-20,16.0,25.0,9.0
68,2025-12-21,38.0,48.0,10.0
68,2025-12-22,10.0,12.0,2.0
68,2025-12-23,6.0,16.0,10.0
68,2025-12-24,6.0,8.0,2.0
68,2025-12-25,5.0,-9.0,-14.0
68,2025-12-26,29.0,38.0,9.0
68,2025-12-27,35.0,50.0,15.0
68,2025-12-28,83.0,83.0,0.0
68,2025-12-29,36.0,45.0,9.0
68,2025-12-30,44.0,45.0,1.0
68,2025-12-31,4.0,-1.0,-5.0
68,2026-01-01,27.0,88.0,61.0
68,2026-01-02,19.0,25.0,6.0
68,2026-01-03,95.0,104.0,9.0
668,2025-04-01,7.0,2.0,-5.0
668,2025-04-02,21.0,21.0,0.0
668,2025-04-03,16.0,9.0,-7.0
668,2025-04-04,10.0,4.0,-6.0
668,2025-04-06,30.0,26.0,-4.0
668,2025-04-07,10.0,9.0,-1.0
668,2025-04-08,-2.0,0.0,2.0
668,2025-04-09,41.0,34.0,-7.0
668,2025-04-10,24.0,27.0,3.0
668,2025-04-11,29.0,23.0,-6.0
668,2025-04-13,82.0,90.0,8.0
668,2025-04-14,8.0,11.0,3.0
668,2025-04-15,4.0,9.0,5.0
668,2025-04-16,21.0,51.0,30.0
668,2025-04-17,21.0,46.0,25.0
668,2025-04-18,23.0,33.0,10.0
668,2025-04-20,7.0,18.0,11.0
668,2025-04-21,8.0,22.0,14.0
668,2025-04-22,21.0,20.0,-1.0
668,2025-04-23,6.0,5.0,-1.0
668,2025-04-24,4.0,15.0,11.0
668,2025-04-25,57.0,72.0,15.0
668,2025-04-27,21.0,12.0,-9.0
668,2025-04-28,3.0,10.0,7.0
668,2025-04-29,17.0,26.0,9.0
668,2025-04-30,46.0,76.0,30.0
668,2025-05-01,27.0,39.0,12.0
668,2025-05-02,40.0,40.0,0.0
668,2025-05-04,12.0,15.0,3.0
668,2025-05-05,7.0,2.0,-5.0
668,2025-05-06,5.0,34.0,29.0
668,2025-05-07,36.0,38.0,2.0
668,2025-05-08,66.0,76.0,10.0
668,2025-05-09,23.0,16.0,-7.0
668,2025-05-11,9.0,37.0,28.0
668,2025-05-12,10.0,16.0,6.0
668,2025-05-13,0.0,4.0,4.0
668,2025-05-14,13.0,7.0,-6.0
668,2025-05-15,12.0,28.0,16.0
668,2025-05-16,24.0,17.0,-7.0
668,2025-05-18,8.0,9.0,1.0
668,2025-05-19,3.0,16.0,13.0
668,2025-05-20,29.0,23.0,-6.0
668,2025-05-21,0.0,-2.0,-2.0
668,2025-05-22,8.0,9.0,1.0
668,2025-05-23,23.0,22.0,-1.0
668,2025-05-25,11.0,5.0,-6.0
668,2025-05-26,90.0,109.0,19.0
668,2025-05-27,17.0,24.0,7.0
668,2025-05-28,20.0,24.0,4.0
668,2025-05-29,35.0,51.0,16.0
668,2025-05-30,29.0,21.0,-8.0
668,2025-06-01,39.0,44.0,5.0
668,2025-06-02,15.0,25.0,10.0
668,2025-06-03,17.0,45.0,28.0
668,2025-06-04,4.0,13.0,9.0
668,2025-06-05,70.0,94.0,24.0
668,2025-06-06,151.0,157.0,6.0
668,2025-06-08,20.0,16.0,-4.0
668,2025-06-09,11.0,18.0,7.0
668,2025-06-10,22.0,32.0,10.0
668,2025-06-11,24.0,14.0,-10.0
668,2025-06-12,59.0,86.0,27.0
668,2025-06-15,20.0,33.0,13.0
668,2025-06-16,14.0,22.0,8.0
668,2025-06-17,1.0,-3.0,-4.0
668,2025-06-18,10.0,20.0,10.0
668,2025-06-19,34.0,51.0,17.0
668,2025-06-20,31.0,22.0,-9.0
668,2025-06-22,110.0,110.0,0.0
668,2025-06-23,45.0,72.0,27.0
668,2025-06-24,84.0,112.0,28.0
668,2025-06-25,13.0,10.0,-3.0
668,2025-06-26,72.0,96.0,24.0
668,2025-06-27,44.0,36.0,-8.0
668,2025-06-29,27.0,30.0,3.0
668,2025-06-30,2.0,25.0,23.0
668,2025-07-01,10.0,3.0,-7.0
668,2025-07-02,24.0,40.0,16.0
668,2025-07-03,52.0,66.0,14.0
668,2025-07-04,13.0,5.0,-8.0
668,2025-07-06,57.0,57.0,0.0
668,2025-07-07,27.0,29.0,2.0
668,2025-07-08,34.0,47.0,13.0
668,2025-07-09,84.0,88.0,4.0
668,2025-07-10,31.0,46.0,15.0
668,2025-07-11,35.0,25.0,-10.0
668,2025-07-13,24.0,21.0,-3.0
668,2025-07-14,25.0,21.0,-4.0
668,2025-07-15,24.0,29.0,5.0
668,2025-07-16,29.0,32.0,3.0
668,2025-07-17,39.0,58.0,19.0
668,2025-07-18,34.0,41.0,7.0
668,2025-07-20,34.0,24.0,-10.0
668,2025-07-21,15.0,46.0,31.0
668,2025-07-22,27.0,26.0,-1.0
668,2025-07-23,40.0,57.0,17.0
668,2025-07-24,61.0,81.0,20.0
668,2025-07-25,27.0,24.0,-3.0
668,2025-07-27,139.0,139.0,0.0
668,2025-07-28,48.0,54.0,6.0
668,2025-07-29,50.0,43.0,-7.0
668,2025-07-30,30.0,49.0,19.0
668,2025-07-31,72.0,92.0,20.0
668,2025-08-01,72.0,62.0,-10.0
668,2025-08-03,20.0,5.0,-15.0
668,2025-08-04,11.0,30.0,19.0
668,2025-08-05,15.0,14.0,-1.0
668,2025-08-06,10.0,7.0,-3.0
668,2025-08-07,26.0,41.0,15.0
668,2025-08-08,53.0,60.0,7.0
668,2025-08-10,20.0,26.0,6.0
668,2025-08-11,97.0,98.0,1.0
668,2025-08-12,9.0,11.0,2.0
668,2025-08-13,11.0,50.0,39.0
668,2025-08-14,35.0,50.0,15.0
668,2025-08-15,40.0,38.0,-2.0
668,2025-08-17,38.0,55.0,17.0
668,2025-08-18,22.0,52.0,30.0
668,2025-08-19,115.0,116.0,1.0
668,2025-08-20,22.0,88.0,66.0
668,2025-08-21,115.0,122.0,7.0
668,2025-08-22,114.0,141.0,27.0
668,2025-08-24,27.0,31.0,4.0
668,2025-08-25,4.0,12.0,8.0
668,2025-08-26,30.0,49.0,19.0
668,2025-08-27,10.0,21.0,11.0
668,2025-08-28,52.0,75.0,23.0
668,2025-08-29,22.0,20.0,-2.0
668,2025-08-31,15.0,3.0,-12.0
668,2025-09-01,38.0,41.0,3.0
668,2025-09-02,1.0,0.0,-1.0
668,2025-09-03,6.0,0.0,-6.0
668,2025-09-04,11.0,21.0,10.0
668,2025-09-05,9.0,16.0,7.0
668,2025-09-07,8.0,8.0,0.0
668,2025-09-08,8.0,19.0,11.0
668,2025-09-09,21.0,21.0,0.0
668,2025-09-10,4.0,4.0,0.0
668,2025-09-11,14.0,23.0,9.0
668,2025-09-12,59.0,48.0,-11.0
668,2025-09-14,11.0,3.0,-8.0
668,2025-09-15,3.0,20.0,17.0
668,2025-09-16,7.0,5.0,-2.0
668,2025-09-17,10.0,31.0,21.0
668,2025-09-18,37.0,41.0,4.0
668,2025-09-19,91.0,92.0,1.0
668,2025-09-21,20.0,9.0,-11.0
668,2025-09-22,46.0,92.0,46.0
668,2025-09-23,48.0,71.0,23.0
668,2025-09-24,61.0,71.0,10.0
668,2025-09-25,30.0,37.0,7.0
668,2025-09-26,67.0,66.0,-1.0
668,2025-09-28,54.0,70.0,16.0
668,2025-09-29,38.0,52.0,14.0
668,2025-09-30,73.0,84.0,11.0
668,2025-10-01,78.0,99.0,21.0
668,2025-10-02,258.0,258.0,0.0
668,2025-10-03,58.0,76.0,18.0
668,2025-10-05,9.0,12.0,3.0
668,2025-10-06,76.0,90.0,14.0
668,2025-10-07,35.0,48.0,13.0
668,2025-10-08,59.0,77.0,18.0
668,2025-10-09,45.0,54.0,9.0
668,2025-10-10,70.0,78.0,8.0
668,2025-10-12,44.0,60.0,16.0
668,2025-10-13,22.0,22.0,0.0
668,2025-10-14,44.0,45.0,1.0
668,2025-10-15,43.0,46.0,3.0
668,2025-10-16,41.0,53.0,12.0
668,2025-10-17,70.0,92.0,22.0
668,2025-10-19,89.0,105.0,16.0
668,2025-10-20,52.0,62.0,10.0
668,2025-10-21,36.0,54.0,18.0
668,2025-10-22,68.0,88.0,20.0
668,2025-10-23,44.0,44.0,0.0
668,2025-10-24,75.0,86.0,11.0
668,2025-10-26,32.0,28.0,-4.0
668,2025-10-27,74.0,80.0,6.0
668,2025-10-28,37.0,42.0,5.0
668,2025-10-29,55.0,59.0,4.0
668,2025-10-30,47.0,60.0,13.0
668,2025-10-31,28.0,28.0,0.0
668,2025-11-02,116.0,117.0,1.0
668,2025-11-03,113.0,121.0,8.0
668,2025-11-04,27.0,20.0,-7.0
668,2025-11-05,69.0,73.0,4.0
668,2025-11-06,40.0,42.0,2.0
668,2025-11-07,23.0,26.0,3.0
668,2025-11-09,74.0,75.0,1.0
668,2025-11-10,77.0,76.0,-1.0
668,2025-11-11,40.0,39.0,-1.0
668,2025-11-12,72.0,71.0,-1.0
668,2025-11-13,59.0,60.0,1.0
668,2025-11-14,40.0,43.0,3.0
668,2025-11-16,129.0,129.0,0.0
668,2025-11-17,44.0,46.0,2.0
668,2025-11-18,18.0,20.0,2.0
668,2025-11-19,53.0,56.0,3.0
668,2025-11-20,42.0,42.0,0.0
668,2025-11-21,45.0,47.0,2.0
668,2025-11-23,43.0,44.0,1.0
668,2025-11-24,55.0,55.0,0.0
668,2025-11-25,46.0,46.0,0.0
668,2025-11-26,48.0,51.0,3.0
668,2025-11-27,86.0,87.0,1.0
668,2025-11-28,79.0,79.0,0.0
668,2025-11-30,27.0,39.0,12.0
668,2025-12-01,52.0,53.0,1.0
668,2025-12-02,20.0,31.0,11.0
668,2025-12-03,43.0,45.0,2.0
668,2025-12-04,45.0,46.0,1.0
668,2025-12-05,48.0,56.0,8.0
668,2025-12-07,69.0,72.0,3.0
668,2025-12-08,40.0,45.0,5.0
668,2025-12-09,57.0,60.0,3.0
668,2025-12-10,46.0,50.0,4.0
668,2025-12-11,82.0,84.0,2.0
668,2025-12-12,80.0,79.0,-1.0
668,2025-12-14,66.0,78.0,12.0
668,2025-12-15,7.0,15.0,8.0
668,2025-12-16,44.0,44.0,0.0
668,2025-12-17,95.0,95.0,0.0
668,2025-12-18,53.0,53.0,0.0
668,2025-12-19,108.0,107.0,-1.0
668,2025-12-21,39.0,38.0,-1.0
668,2025-12-22,13.0,54.0,41.0
668,2025-12-23,2.0,0.0,-2.0
668,2025-12-24,8.0,25.0,17.0
668,2025-12-25,11.0,23.0,12.0
668,2025-12-26,65.0,70.0,5.0
668,2025-12-28,36.0,40.0,4.0
668,2025-12-29,156.0,156.0,0.0
668,2025-12-30,76.0,75.0,-1.0
668,2025-12-31,1.0,10.0,9.0
668,2026-01-01,20.0,40.0,20.0
668,2026-01-02,21.0,20.0,-1.0
